id,time_step,R,C,u_in,u_out
1,0.0,20,50,0.0,0
2,0.02531645569620253,20,50,0.6410256410256411,0
3,0.05063291139240506,20,50,1.2820512820512822,0
4,0.0759493670886076,20,50,1.9230769230769234,0
5,0.10126582278481013,20,50,2.5641025641025643,0
6,0.12658227848101267,20,50,3.2051282051282053,0
7,0.1518987341772152,20,50,3.8461538461538467,0
8,0.17721518987341772,20,50,4.487179487179487,0
9,0.20253164556962025,20,50,5.128205128205129,0
10,0.22784810126582278,20,50,5.76923076923077,0
11,0.25316455696202533,20,50,6.410256410256411,0
12,0.27848101265822783,20,50,7.051282051282052,0
13,0.3037974683544304,20,50,7.692307692307693,0
14,0.3291139240506329,20,50,8.333333333333334,0
15,0.35443037974683544,20,50,8.974358974358974,0
16,0.37974683544303794,20,50,9.615384615384617,0
17,0.4050632911392405,20,50,10.256410256410257,0
18,0.43037974683544306,20,50,10.897435897435898,0
19,0.45569620253164556,20,50,11.53846153846154,0
20,0.4810126582278481,20,50,12.17948717948718,0
21,0.5063291139240507,20,50,12.820512820512821,0
22,0.5316455696202531,20,50,13.461538461538463,0
23,0.5569620253164557,20,50,14.102564102564104,0
24,0.5822784810126582,20,50,14.743589743589745,0
25,0.6075949367088608,20,50,15.384615384615387,0
26,0.6329113924050633,20,50,16.025641025641026,0
27,0.6582278481012658,20,50,16.666666666666668,0
28,0.6835443037974683,20,50,17.30769230769231,0
29,0.7088607594936709,20,50,17.94871794871795,0
30,0.7341772151898734,20,50,18.58974358974359,0
31,0.7594936708860759,20,50,19.230769230769234,0
32,0.7848101265822784,20,50,19.871794871794872,0
33,0.810126582278481,20,50,20.512820512820515,0
34,0.8354430379746836,20,50,21.153846153846157,0
35,0.8607594936708861,20,50,21.794871794871796,0
36,0.8860759493670886,20,50,22.435897435897438,0
37,0.9113924050632911,20,50,23.07692307692308,0
38,0.9367088607594937,20,50,23.71794871794872,0
39,0.9620253164556962,20,50,24.35897435897436,0
40,0.9873417721518987,20,50,25.0,0
41,1.0126582278481013,20,50,25.0,1
42,1.0379746835443038,20,50,24.358974358974358,1
43,1.0632911392405062,20,50,23.71794871794872,1
44,1.0886075949367089,20,50,23.076923076923077,1
45,1.1139240506329113,20,50,22.435897435897434,1
46,1.139240506329114,20,50,21.794871794871796,1
47,1.1645569620253164,20,50,21.153846153846153,1
48,1.1898734177215189,20,50,20.51282051282051,1
49,1.2151898734177216,20,50,19.871794871794872,1
50,1.240506329113924,20,50,19.23076923076923,1
51,1.2658227848101267,20,50,18.58974358974359,1
52,1.2911392405063291,20,50,17.94871794871795,1
53,1.3164556962025316,20,50,17.307692307692307,1
54,1.3417721518987342,20,50,16.666666666666664,1
55,1.3670886075949367,20,50,16.025641025641026,1
56,1.3924050632911391,20,50,15.384615384615383,1
57,1.4177215189873418,20,50,14.743589743589743,1
58,1.4430379746835442,20,50,14.102564102564102,1
59,1.4683544303797469,20,50,13.46153846153846,1
60,1.4936708860759493,20,50,12.82051282051282,1
61,1.5189873417721518,20,50,12.179487179487179,1
62,1.5443037974683544,20,50,11.538461538461537,1
63,1.5696202531645569,20,50,10.897435897435896,1
64,1.5949367088607596,20,50,10.256410256410255,1
65,1.620253164556962,20,50,9.615384615384613,1
66,1.6455696202531644,20,50,8.974358974358974,1
67,1.6708860759493671,20,50,8.333333333333332,1
68,1.6962025316455696,20,50,7.69230769230769,1
69,1.7215189873417722,20,50,7.051282051282051,1
70,1.7468354430379747,20,50,6.410256410256409,1
71,1.7721518987341771,20,50,5.7692307692307665,1
72,1.7974683544303798,20,50,5.128205128205128,1
73,1.8227848101265822,20,50,4.4871794871794854,1
74,1.8481012658227849,20,50,3.846153846153843,1
75,1.8734177215189873,20,50,3.2051282051282044,1
76,1.8987341772151898,20,50,2.564102564102562,1
77,1.9240506329113924,20,50,1.9230769230769198,1
78,1.9493670886075949,20,50,1.282051282051281,1
79,1.9746835443037973,20,50,0.6410256410256387,1
80,2.0,20,50,0.0,1
