id,pressure,status,reason,model_version,uncertainty
1,6.2081017,ok,,1.0.0,0.6208102
2,5.9116635,ok,,1.0.0,0.5911664
3,6.073087,ok,,1.0.0,0.60730875
4,6.195242,ok,,1.0.0,0.6195242
5,8.418539,ok,,1.0.0,0.8418539
6,6.9479084,ok,,1.0.0,0.69479084
7,7.624008,ok,,1.0.0,0.7624008
8,8.155566,ok,,1.0.0,0.81555665
9,8.378851,ok,,1.0.0,0.8378851
10,8.441169,ok,,1.0.0,0.84411687
11,8.573065,ok,,1.0.0,0.8573065
12,9.289662,ok,,1.0.0,0.9289662
13,9.187446,ok,,1.0.0,0.91874456
14,10.66418,ok,,1.0.0,1.066418
15,11.757889,ok,,1.0.0,1.1757889
16,12.103228,ok,,1.0.0,1.2103227
17,11.354251,ok,,1.0.0,1.1354251
18,12.3275175,ok,,1.0.0,1.2327517
19,13.033542,ok,,1.0.0,1.3033541
20,14.527741,ok,,1.0.0,1.4527742
21,14.716766,ok,,1.0.0,1.4716767
22,15.503157,ok,,1.0.0,1.5503157
23,15.454676,ok,,1.0.0,1.5454676
24,15.966152,ok,,1.0.0,1.5966152
25,17.388487,ok,,1.0.0,1.7388487
26,17.30761,ok,,1.0.0,1.7307609
27,17.574276,ok,,1.0.0,1.7574276
28,18.513083,ok,,1.0.0,1.8513082
29,18.779676,ok,,1.0.0,1.8779677
30,19.012728,ok,,1.0.0,1.9012728
31,20.768011,ok,,1.0.0,2.076801
32,21.341162,ok,,1.0.0,2.1341162
33,21.731813,ok,,1.0.0,2.1731813
34,23.43331,ok,,1.0.0,2.343331
35,25.246748,ok,,1.0.0,2.524675
36,24.494726,ok,,1.0.0,2.4494727
37,25.620066,ok,,1.0.0,2.5620067
38,27.26087,ok,,1.0.0,2.726087
39,28.414257,ok,,1.0.0,2.8414257
40,26.85904,ok,,1.0.0,2.685904
41,25.412083,ok,,1.0.0,2.5412083
42,25.373549,ok,,1.0.0,2.537355
43,18.716167,ok,,1.0.0,1.8716167
44,13.498999,ok,,1.0.0,1.3498999
45,13.488984,ok,,1.0.0,1.3488984
46,12.634622,ok,,1.0.0,1.2634622
47,13.04714,ok,,1.0.0,1.3047141
48,11.302362,ok,,1.0.0,1.1302363
49,10.372168,ok,,1.0.0,1.0372168
50,10.706725,ok,,1.0.0,1.0706725
51,10.126006,ok,,1.0.0,1.0126007
52,10.10661,ok,,1.0.0,1.010661
53,10.051122,ok,,1.0.0,1.0051122
54,9.327784,ok,,1.0.0,0.93277836
55,9.15486,ok,,1.0.0,0.915486
56,9.005831,ok,,1.0.0,0.9005831
57,8.592716,ok,,1.0.0,0.85927165
58,8.528789,ok,,1.0.0,0.85287887
59,8.107527,ok,,1.0.0,0.8107527
60,7.7857666,ok,,1.0.0,0.7785767
61,7.634058,ok,,1.0.0,0.7634058
62,7.2144117,ok,,1.0.0,0.7214412
63,7.279579,ok,,1.0.0,0.7279579
64,7.168634,ok,,1.0.0,0.7168634
65,7.130408,ok,,1.0.0,0.71304077
66,6.6775002,ok,,1.0.0,0.66775006
67,6.4923754,ok,,1.0.0,0.6492376
68,6.3507614,ok,,1.0.0,0.63507617
69,6.360898,ok,,1.0.0,0.6360898
70,6.5657744,ok,,1.0.0,0.65657747
71,6.3872285,ok,,1.0.0,0.63872284
72,6.4340677,ok,,1.0.0,0.6434068
73,6.7011285,ok,,1.0.0,0.67011285
74,6.9316716,ok,,1.0.0,0.69316715
75,6.8445754,ok,,1.0.0,0.68445754
76,6.781916,ok,,1.0.0,0.6781916
77,6.5657234,ok,,1.0.0,0.65657234
78,6.5350375,ok,,1.0.0,0.6535038
79,6.304507,ok,,1.0.0,0.63045067
80,6.634446,ok,,1.0.0,0.66344464
